"Name","Text"
"srh-link-toda-ionic.duckdns.org_login(iPhone 16).png","SRH LINK-TODA | Connect with verified TODA drivers and | commute reliably in Santa Rosa Homes. | GET STARTED | I ALREADY HAVE AN ACCOUNT"
"srh-link-toda-ionic.duckdns.org_login(iPhone 16) (1).png","< BACK | Welcome back | Sign in to your account to continue. | Email Address | E admin@gmail.com | Password | e Keep me signed in | SIGNIN | Don't have an account? Create one | x"
"srh-link-toda-ionic.duckdns.org_register(iPhone 16).png","< BACK | Registration Progress | Role | 2 | Details | Step 1 of 3 | 3 | Password | SELECT ACCOUNT TYPE | Who are you? | Choose your account type in the SRH TODA | community. | O | "
"srh-link-toda-ionic.duckdns.org_register(iPhone 16) (1).png","< BACK | Registration Progress | Role | PERSONAL INFO | 2 | Details | Step 2 of 3 | 3 | Password | Personal Details | Please provide your valid name and contact info. | Full Name |"
"srh-link-toda-ionic.duckdns.org_register(iPhone 16) (2).png","< BACK | Registration Progress | Role | Details | Step 3 of 3 | 100% | 3 | Password | SECURITY SETUP | Set a password | Choose a strong password to protect your account. | Password"
"srh-link-toda-ionic.duckdns.org_register(iPhone 16) (3).png","< BACK | Registration Progress | Role | 2 | Details | 3 | Password | 4 | Docs | Step 1 of 5 | 5 | Verify | SELECT ACCOUNT TYPE | Who are you? | Choose your account type in the SRH "
"srh-link-toda-ionic.duckdns.org_register(iPhone 16) (4).png","< BACK | Registration Progress | Role | 2 | Details | 3 | Password | 4 | Docs | Step 2 of 5 | 40% | 5 | Verify | PERSONAL INFO | Personal Details | Please provide your valid name a"
"srh-link-toda-ionic.duckdns.org_register(iPhone 16) (5).png","< BACK | Registration Progress | Role | Details | 3 | Password | 4 | Docs | Step 3 of 5 | 5 | Verify | SECURITY SETUP | Set a password | Choose a strong password to protect your ac"
"srh-link-toda-ionic.duckdns.org_register(iPhone 16) (6).png","< BACK | Registration Progress | Role | Details | Password | 4 | Docs | Step 4 of 5 | 5 | Verify | DRIVER CREDENTIALS | Upload Credentials | Admin review required before your drive"
"srh-link-toda-ionic.duckdns.org_register(iPhone 16) (7).png","< BACK | Registration Progress | Role | Details | Password | Docs | Step 5 of 5 | 100% | 5 | Verify | GMAIL OTP CODE | Verify your Gmail | We sent a 6-digit verification code to ju"
"srh-link-toda-ionic.duckdns.org_tabs_home(iPhone 16).png","VERIFICATION IN PROGRESS | Your Profile is Under Review | Your SRH LINK-TODA driver credentials and MTOP permit | #045294 have been submitted and are currently being | verified by "
"srh-link-toda-ionic.duckdns.org_tabs_home(iPhone 16) (1).png","Fort Magsaysay Road | Santa Rosa - | Go On Duty | ? YOU'RE OFFLINE | DRIVER STATUS | 20 | 4.0 | OFF DUTY | YOU'RE-OFFLINE | Go on duty for TODA terminal & app passenger dispatch | "
"srh-link-toda-ionic.duckdns.org_tabs_home(iPhone 16) (2).png","Kingdom Hall of: | Jehovahs Witness | SRI-I TODA Terminal | Take a break? | YOU'RE-ONLINE | QUEUE POSITION | IN QUEUE | 20 | 4.0 | IN QUEUE | Next for TODA terminal & app passenger"
"srh-link-toda-ionic.duckdns.org_tabs_home(iPhone 16) (3).png","YOU'RE-ONLINE | QUEUE POSITION | IN QUEUE | Next for TODA terminal & app passenger dispatch! | IN QUEUE | Start Terminal Walk-ln Ride | ACTIVE TERMINAL QUEUE | TODA Administrator |"
"srh-link-toda-ionic.duckdns.org_tabs_history(iPhone 16).png","Driving History | Q Search destination, passenger, or trip ID... | All (81) | All Time | SRH-00214 | Completed | Today | Walk-in | This Week | Oct 03, 2026 9:23 PM | PICKUP | TODA "
"srh-link-toda-ionic.duckdns.org_tabs_history(iPhone 16) (1).png","Driving History | Q Search destination, passenger, or trip ID. | OFFICIAL FARE RECEIPT | SRI-I-00214 | ? Oct 03, 2026 | STATUS: COMPLETED | 9:23 PM | TRANSIT ROUTE | Pickup Locatio"
"srh-link-toda-ionic.duckdns.org_tabs_earnings(iPhone 16).png","Driver Performance & Stats | Today | This Week | This Month | All Time | OVERALL RATING | TODA Administrator | TRIPS DONE | 11 | Weekly Revenue | Trends | Daily dispatch performanc"
"srh-link-toda-ionic.duckdns.org_tabs_admin(iPhone 16).png","Admin | 14 | o | Drivers | Queue | @ CMS | Reports | Print | Broadcast | Q Search driver by name, MTOP, or phone... | All (14) | HOME | Pending (4) | Juan Cruz | MTOP #045294 | Sus"
"srh-link-toda-ionic.duckdns.org_tabs_admin(iPhone 16) (1).png","Admin | 14 | o | Drivers | Queue | @ CMS | Reports | Print | Broadcast | Q Search driver by name, MTOP, or phone.. | Pending (4) | Juan Cruz | MTOP #045294 | Suspended | Approved |"
"srh-link-toda-ionic.duckdns.org_tabs_admin(iPhone 16) (2).png","OFFICIAL VERIFICAT ... | MTOP Franchi ... | 100% | x | SANTA ROSA HOMES TODA ? OFFICIAL DIGITAL VERIFICATION"
"srh-link-toda-ionic.duckdns.org_tabs_admin(iPhone 16) (3).png","Admin | 14 | o | Drivers | Queue | @ CMS | Reports | Print | Broadcast | Q Search driver by name, MTOP, or phone.. | All (14) | Suspended | Approved | Vicente Soriano | MTOP #50010"
"srh-link-toda-ionic.duckdns.org_tabs_home(iPhone 16) (4).png","APPLICATION DECLINED | Application Needs | Review | OFFICIAL NOTICE | ""Compliance documentation requires updated | verification. Please submit an appeal below or | visit the TODA o"
"srh-link-toda-ionic.duckdns.org_tabs_home(iPhone 16) (5).png","APPLICATION DECLINED | Application Needs | Review | OFFICIAL NOTICE | ""Compliance documentation requires updated | verification. Please submit an appeal below or | visit the TODA o"
"srh-link-toda-ionic.duckdns.org_tabs_home(iPhone 16) (6).png","APPLICATION REMOVED | You Can No Longer Apply | Your driver application has been permanently removed | from the SRH LINK-TODA system. | Need Assistance? | Please visit or contact t"
"srh-link-toda-ionic.duckdns.org_tabs_admin(iPhone 16) (4).png","Admin | 14 | Drivers | @ CMS | Print | Queue | Reports | TERMINAL DISPATCH LINE & ACTIVE | TRIPS | HOME | TODA Administrator | READY | MTOP #128491 Joined 9:32 PM | Ricardo Dalisay"
"srh-link-toda-ionic.duckdns.org_tabs_admin(iPhone 16) (5).png","Admin | 14 | Drivers | Queue | @ CMS | Reports | Print | Broadcast | Q Search reports by ID, subject, passenger, or driv | All (16) | Pending (4) | RPT-0015 | Overcharging | Invest"
"srh-link-toda-ionic.duckdns.org_tabs_admin(iPhone 16) (6).png","Admin | 14 | Drivers | Queue | @ CMS | Reports | Print | Broadcast | Q Search reports by ID, subject, passenger, or driv | Investigating I | Pending (4) | RPT-0015 Overcharging | R"
"srh-link-toda-ionic.duckdns.org_tabs_admin(iPhone 16) (7).png","Admin | 14 | Drivers | @ CMS | Print | Queue | Reports | Broadcast | + Create | 25 Announcements | ADMIN | Oct 03, 2026 9:37 PM | Notice: Driver Status Updated | Driver Juan Cruz ("
"srh-link-toda-ionic.duckdns.org_tabs_admin(iPhone 16) (8).png","Admin | 14 | Drivers | @ CMS | Print | Queue | Reports | Broadcast | + Create | 25 Announcements | ADMIN | Oct 03, 2026 9:37 PM | Notice: Driver Status Updated | Driver Juan Cruz ("
"srh-link-toda-ionic.duckdns.org_admin-reports(iPhone 16).png","Official Report Generator | Executive summaries & certified TODA documents | O | Select Report Template | FORMATI ? CERTIFIED TABLE | 4 Certified Formats | oo | Certified Incident "
"srh-link-toda-ionic.duckdns.org_admin-reports(iPhone 16) (1).png","Official Report Generator | Executive summaries & certified TODA documents | FORMAT 3 ? GROUPED ROSTER | oo | TODA Fleet Drivers Masterlist | Official certified list of all TODA dr"
"srh-link-toda-ionic.duckdns.org_admin-reports(iPhone 16) (2).png","BACK | A4 Sheet Preview | 46% | e PRINT/ SAVE PDF | FITTO PAGE | REPUBLIC OF THE PHILIPPINES | PROVINCE OF NUEVA ECIJA ? MUNICIPALITY OF SANTA ROSA | BARANGAY LOURDES | SANTA ROSA "
"srh-link-toda-ionic.duckdns.org_superadmin.png","SRH LINK-TODA | SUPERADMIN CONSOLE | CONSOLE MODULES | GOVERNANCE CONSOLE | Executive Pulse & System Metrics | Santa Rosa Homes TODA Core Administration | Operational | PHP 8.3.33 "
"srh-link-toda-ionic.duckdns.org_superadmin (1).png","SRH LINK-TODA | SUPERADMIN CONSOLE | CONSOLE MODULES | GOVERNANCE CONSOLE | User Accounts & Access Control | Master User & Role Directory | Manage administrative privileges, driver"
"srh-link-toda-ionic.duckdns.org_superadmin (2).png","SRH LINK-TODA | SUPERADMIN CONSOLE | CONSOLE MODULES | GOVERNANCE CONSOLE | Tariff Calibration & Geofence Radar | Fare Matrix & Dispatch Geofencing | Calibrate regulated base fares"
"srh-link-toda-ionic.duckdns.org_superadmin (3).png","SRH LINK-TODA | SUPERADMIN CONSOLE | CONSOLE MODULES | GOVERNANCE CONSOLE | MTOP Fleet & Tricycle Registry | TODA Franchise (MTOP) Master Fleet | Accredited Motorized Tricycle Oper"
"srh-link-toda-ionic.duckdns.org_superadmin (4).png","SRH LINK-TODA | SUPERADMIN CONSOLE | CONSOLE MODULES | GOVERNANCE CONSOLE | TODA Bylaws & Disciplinary Policies | Bylaws, Code of Conduct & Policies CMS | Official regulatory text "
"srh-link-toda-ionic.duckdns.org_superadmin (5).png","SRH LINK-TODA | SUPERADMIN CONSOLE | CONSOLE MODULES | GOVERNANCE CONSOLE | Branding & Identity CMS | Branding, Identity & Application Texts | Customize the system logo, title, ass"
"srh-link-toda-ionic.duckdns.org_superadmin (6).png","SRH LINK-TODA | SUPERADMIN CONSOLE | CONSOLE MODULES | GOVERNANCE CONSOLE | Governance Audit Trails | Security Stream & Audit Trail | Immutable log of administrative operations, po"
"srh-link-toda-ionic.duckdns.org_tabs_profile(iPhone 16).png","Admin Profile | TODA Administrator | ADMIN MTOP #128491 | E admin@gmail.com | Ro No phone set | TODAY'S TRIPS | 11 | TODAY'S | EARNINGS | P500.OO | COMPLIANCE | Approved | Personal"
"srh-link-toda-ionic.duckdns.org_tabs_profile(iPhone 16) (1).png","Admin Profile | Personal Profile Details | Manage your registered name and primary contact | number | Full Name | O | TODA Administrator | Email Address (System Locked) | admin@gma"
"srh-link-toda-ionic.duckdns.org_tabs_profile(iPhone 16) (2).png","Admin Profile | TODA Administrator | ADMIN MTOP #128491 | E admin@gmail.com | Ro No phone set | TODAY'S TRIPS | 11 | O | TODAY'S | EARNINGS | P500.OO | COMPLIANCE | Approved | TODA"
"srh-link-toda-ionic.duckdns.org_tabs_profile(iPhone 16) (3).png","Admin Profile | 11 | O | P500.OO | Approved | Account Security | Update and reinforce your portal authentication | credentials | Current Password | Enter current password | New Pas"
"srh-link-toda-ionic.duckdns.org_tabs_profile(iPhone 16) (4).png","App Settings | Device Controls & Preferences | GPS High-Accuracy Location | Required for live terminal geofence & | dispatch | Push Notifications | Live dispatch alerts and passeng"
"srh-link-toda-ionic.duckdns.org_tabs_home(iPhone 16) (7).png","Ouj | Announcements | ADMIN | 20 NEW | 4.0 | Mark all read >< | Oct 03, 2026.9:37PM | Notice: Driver Status Updated | Driver Juan Cruz (MTOP #045294) compliance status | updated to"
"srh-link-toda-ionic.duckdns.org_tabs_home(iPhone 16) (8).png","4.4 | Kingdom Hall of | Jehovahs Witness | SRH TODAJerminal | Take a break? | YOU'RE-ONLINE | QUEUE POSITION | Los | #2 IN QUEUE | IN QUEUE | 2nd for TODA terminal & app passenger "
"srh-link-toda-ionic.duckdns.org_tabs_home(iPhone 16) (9).png","YOU'RE-ONLINE | QUEUE POSITION | IN QUEUE | #2 IN QUEUE | 2nd for TODA terminal & app passenger dispatch! | Start Terminal Walk-ln Ride | ACTIVE TERMINAL QUEUE 2 | TODA Administrat"
"srh-link-toda-ionic.duckdns.org_tabs_history(iPhone 16) (2).png","Driving History | Q Search destination, passenger, or trip ID... | All (10) | All Time | SRH-00076 | Completed | Today | Walk-in | This Week | sep 01, 2026 7:34 AM | PICKUP | Caing"
"srh-link-toda-ionic.duckdns.org_tabs_earnings(iPhone 16) (1).png","Driver Performance & Stats | Today | cs | This Week | This Month | All Time | OVERALL RATING | Cardo Santos | TRIPS DONE | 44* | Weekly Revenue Trends | Daily dispatch performance "
"srh-link-toda-ionic.duckdns.org_tabs_profile(iPhone 16) (5).png","Driver Profile | Cardo Santos | DRIVER MTOP #500102 | E driver2@gmail.com | Ro No phone set | TODAY'S TRIPS | TODAY'S | EARNINGS | PO.OO | COMPLIANCE | Approved | Personal Profile "
"srh-link-toda-ionic.duckdns.org_tabs_profile(iPhone 16) (6).png","Driver Profile | Personal Profile Details | Manage your registered name and primary contact | number | Full Name | O | Cardo Santos | Email Address (System Locked) | driver2@gmaiI."
"srh-link-toda-ionic.duckdns.org_tabs_profile(iPhone 16) (7).png","Driver Profile | O | EARNINGS | PO.OO | Approved | TODA Franchise & Vehicle Registry | Official Santa Rosa Homes MTOP Operator | Verification | TODA FRANCHISE | REGISTRATION | MTOP"
"srh-link-toda-ionic.duckdns.org_tabs_profile(iPhone 16) (8).png","Driver Profile | O | EARNINGS | PO.OO | Approved | Account Security | Update and reinforce your portal authentication | credentials | Current Password | Enter current password | Ne"
"srh-link-toda-ionic.duckdns.org_tabs_profile(iPhone 16) (9).png","App Settings | Device Controls & Preferences | GPS High-Accuracy Location | Required for live terminal geofence & | dispatch | Push Notifications | Live dispatch alerts and passeng"
"srh-link-toda-ionic.duckdns.org_tabs_home(iPhone 16) (10).png","Kingdom Hall of | ?Jehovahs Witness : | 9 SRHTODATerminal | TERMINAL DISPATCH | Start Walk-In Ride | PICKUP LOCATION | TODA Central Station Terminal | x | DESTINATION BARANGAY | Po"
"srh-link-toda-ionic.duckdns.org_tabs_home(iPhone 16) (11).png","?RIZAL | La Fuente | ?Jetti | ON TRIP IN TRANSIT | DROP-OFF LOCATION | 20 | 4.0 | Isla Fuel | Curvada | Brgy. Poblacion Sur (Central) | I Pax ? Online Dispatch | @ Complete Drop Of"
"srh-link-toda-ionic.duckdns.org_tabs_home(iPhone 16) (12).png","Nonoy Surplus | Trading | Buen?)Vida | Animal Clinic | SRH TODA Terminal | L&A Genera | Merchandis | 58 | 4.0 | Kingdom Hall'of | ""J?hovahs Witness | Iglesia ni Cristo - | Lokal ng"
"srh-link-toda-ionic.duckdns.org_tabs_home(iPhone 16) (13).png","9 | Nonoy Surplus | j Trading | Buena Vida | Animal Clinic | SRHTODATerminal | L&A Genera | Merchandis | Kingdom Hall of | Jehovahs Witness | WAYSIDE DISPATCH | Start Wayside Ride "
"srh-link-toda-ionic.duckdns.org_tabs_home(iPhone 16) (14).png","YOU'RE-ONLINE | QUEUE POSITION | IN QUEUE | Next for TODA terminal & app passenger dispatch! | Start Terminal Walk-ln Ride | ACTIVE TERMINAL QUEUE 3 | #3 | TODA Administrator | MTO"
"srh-link-toda-ionic.duckdns.org_tabs_home(iPhone 16) (15).png","1258 | Fort Magsaysay Road | Santa Rosa - | BOOKA TODA RIDE | Popular Landmarks (Regulated Rates) | Main Gate Guard House | P50.OO | Book a Tricycle | HOME | SAVED | HISTORY | 20 |"
"srh-link-toda-ionic.duckdns.org_tabs_home(iPhone 16) (16).png","1258 | Agribanki | Southstar Drug | Ropali | TGP | 58 | Request a Tricycle | PICKUP ADDRESS (REQUIRED) | Bik 14 Lot 3 | DROP-OFF NAME (REQUIRED) | o | Santa Rosa Public Market | Nu"
"srh-link-toda-ionic.duckdns.org_tabs_home(iPhone 16) (17).png","A Tricycle requested! Dispatching nearest driver. | Fort Magsaysay Road | Santa Rosa - | e ALERTING DRIVER | e ALERTING DRIVER | PICKUP LOCATION | Bik 14 Lot 3 | DESTINATION | Sant"
"srh-link-toda-ionic.duckdns.org_tabs_home(iPhone 16) (18).png","say Road | Santa Rosa - | INCOMING BOOKING ? BARGAINING | + IN QUEUE INCOMING OFFER (12s) | PICKUP PASSENGER | Bik 14 Lot 3 | DROP-OFF DESTINATION | Santa Rosa Public Market | SET "
"srh-link-toda-ionic.duckdns.org_tabs_home(iPhone 16) (19).png","say Road | Santa Rosa - | FARE PROPOSAL SENT | 20 | Santa Rose | PROPOSAL | Fare Proposal Sent (P60.00) | Waiting for passenger to accept your proposed fare... | Cancel Ride Reques"
"srh-link-toda-ionic.duckdns.org_tabs_home(iPhone 16) (20).png","1258 | Santa Rosa - | Fort Magsaysay Road | 20 | Los | Santa Ros | PROPOSAL | P60.OO | o FARE PROPOSAL | DRIVER PROPOSED FARE | O PICKUP LOCATION | 14 Lot 3 | DESTINATION | Santa R"
"srh-link-toda-ionic.duckdns.org_tabs_home(iPhone 16) (21).png","O Blk14Lot3 | Santa Rosa - | EN ROUTE-TO PICKUP | e PICKUP: Bik 14 Lot 3 | Maria Clara Santos | Bik 14 Lot 3 | 20 | Santa Rose | jad | EN ROUTE | P60.OO | D Chat | HOME | HISTORY |"
"srh-link-toda-ionic.duckdns.org_tabs_home(iPhone 16) (22).png","1258 | e ENROUTETOPICKUP | O Lot3 | 20 | EN ROUTE | P60.OO | PICKUP: Bik 14 Lot 3 | Ricardo Dalisay | MTOP #500101 Santa Rosa TODA | x | Cancel | D Chat with Driver | Report an iss"
"srh-link-toda-ionic.duckdns.org_tabs_home(iPhone 16) (23).png","Maria Clara Santos | Passenger Commuter Active Trip | x | QUICK: | On my way, 2 mins! | I'm waiting outside | 10:51 PM | Thank you! | 10:51 PM | Type a message... | I have arrived "
"srh-link-toda-ionic.duckdns.org_tabs_home(iPhone 16) (24).png","Ricardo Dalisay | MTOP #500101 ? Active Trip | x | Thank you! | Near the clubhouse | On my way, 2 mins! | 10:51 PM | Type a message... | Please wait a moment | I'm waiting outside "
"srh-link-toda-ionic.duckdns.org_tabs_home(iPhone 16) (25).png","O Lot3 | FOI . | Santa Rosa - | ARRIVED AT PICKUP | O PASSENGER BOARDING | HEADING TO DESTINATION | Santa Rosa Public Market | 20 | ARRIVED | P60.OO | D Chat | HOME | HISTORY | Sta"
"srh-link-toda-ionic.duckdns.org_tabs_home(iPhone 16) (26).png","1258 | O Lot3 | e DRIVERARRIVED | DRIVER IS WAITING OUTSIDE | Ricardo Dalisay | MTOP #500101 Board Tricycle | 20 | ARRIVED | P60.OO | x Cancel | HOME | D Chat with Driver | Report "
"srh-link-toda-ionic.duckdns.org_tabs_home(iPhone 16) (27).png","O ON TRIP IN TRANSIT | DROP-OFF LOCATION | Santa Rosa Public Market | I Pax ? Online Dispatch | @ Complete Drop Off | HOME | HISTORY | STATS | 20 | IN TRANSIT | P60.OO | PROFILE"
"srh-link-toda-ionic.duckdns.org_tabs_home(iPhone 16) (28).png","1258 | e HEADINGTODESTINATION | DESTINATION: Santa Rosa Public Market | Ricardo Dalisay | MTOP #500101 Heading to Drop-Off | Report an issue with this trip | HOME | SAVED | HISTORY"
"srh-link-toda-ionic.duckdns.org_tabs_home(iPhone 16) (29).png","ad | ON TRIP IN TRANSIT | DROP-OFF LOCATION | Santa Rosa Public Market | I Pax ? Online Dispatch | @ Complete Drop Off | HOME | HISTORY | STATS | 20 | IN TRANSIT | P60.OO | PROFILE"
"srh-link-toda-ionic.duckdns.org_tabs_home(iPhone 16) (30).png","Drop-off completed! P60.OO added to earnings. | Heading back to TODA Terminal. | Fusion | CPJUANGCO | Santa Rosa | Municipal Plaza | Sant?'F | Saint Rose of | ? Lima Church | lil |"
"srh-link-toda-ionic.duckdns.org_tabs_home(iPhone 16) (31).png","u You have arrived at your destination! | Trip Completed ! | How was your ride with your driver? | FARE PAID | P60.OO | Excellent Ride! | WHAT WENT WELL? | DRIVER MTOP | 101 | Poli"
